{
  "questions": [
    {
      "book": "Genesis",
      "questions": [
        {
          "chapter": 1,
          "verse": 1,
          "question": "What was created on the first day?",
          "correct_answer": "Light",
          "options": ["Light", "Water", "Earth", "Sky"]
        },
        {
          "chapter": 1,
          "verse": 26,
          "question": "Who was the first man?",
          "correct_answer": "Adam",
          "options": ["Adam", "Noah", "Abraham", "Moses"]
        },
        {
          "chapter": 11,
          "verse": 27,
          "question": "Who was the father of Abraham?",
          "correct_answer": "Terah",
          "options": ["Terah", "Nahor", "Haran", "Isaac"]
        },
        {
          "chapter": 2,
          "verse": 2,
          "question": "What did God create on the seventh day?",
          "correct_answer": "Rest",
          "options": ["Humans", "Animals", "Heaven and Earth", "Rest"]
        }
      ]
    },

    {
      "book": "Ezra",
      "questions": [
        {
          "chapter": 1,
          "verse": 11,
          "question": "Who led the first group of exiles back to Jerusalem?",
          "correct_answer": "Zerubbabel",
          "options": ["Ezra", "Nehemiah", "Zerubbabel", "Joshua"]
        },
        {
          "chapter": 7,
          "verse": 6,
          "question": "What was Ezra’s profession?",
          "correct_answer": "Scribe",
          "options": ["Priest", "King", "Prophet", "Scribe"]
        },
        {
          "chapter": 3,
          "verse": 10,
          "question": "What did they build first upon returning to Jerusalem?",
          "correct_answer": "The altar",
          "options": ["The altar", "The temple", "The wall", "The city gates"]
        },
        {
          "chapter": 8,
          "verse": 1,
          "question": "Who accompanied Ezra to Jerusalem?",
          "correct_answer": "A group of Israelites",
          "options": ["A group of Israelites", "His family", "Levites", "Kings"]
        }
      ]
    },
    {
      "book": "Numbers",
      "questions": [
        {
          "chapter": 13,
          "verse": 1,
          "question": "How many spies were sent to Canaan?",
          "correct_answer": "12",
          "options": ["12", "10", "14", "8"]
        },
        {
          "chapter": 22,
          "verse": 32,
          "question": "Who was swallowed by a great fish?",
          "correct_answer": "Jonah",
          "options": ["Jonah", "Moses", "Noah", "Balaam"]
        },
        {
          "chapter": 11,
          "verse": 4,
          "question": "What did the people complain about in the wilderness?",
          "correct_answer": "They wanted meat",
          "options": ["They wanted water", "They wanted meat", "They wanted bread", "They wanted fruit"]
        },
        {
          "chapter": 20,
          "verse": 11,
          "question": "What did Moses strike to bring forth water?",
          "correct_answer": "The rock",
          "options": ["The rock", "The ground", "A tree", "The river"]
        }
      ]
    },
    {
      "book": "Judges",
      "questions": [
        {
          "chapter": 16,
          "verse": 30,
          "question": "Who was the strongest judge of Israel?",
          "correct_answer": "Samson",
          "options": ["Gideon", "Samson", "Ehud", "Deborah"]
        },
        {
          "chapter": 6,
          "verse": 36,
          "question": "What did Gideon use to test God?",
          "correct_answer": "A fleece",
          "options": ["A fleece", "A sword", "A fire", "A dream"]
        },
        {
          "chapter": 4,
          "verse": 4,
          "question": "Who was the prophetess that judged Israel?",
          "correct_answer": "Deborah",
          "options": ["Deborah", "Jael", "Ruth", "Hannah"]
        },
        {
          "chapter": 7,
          "verse": 7,
          "question": "How many men did Gideon take to battle?",
          "correct_answer": "300",
          "options": ["1000", "300", "500", "200"]
        }
      ]
    }
  ]
}

  